{"name":"FallbackIntent","identifier":"FALLBCKINT","description":"Default intent when no other intent matches","parentIntentSignature":"AMAZON.FallbackIntent","sampleUtterances":null,"intentConfirmationSetting":null,"intentClosingSetting":{"isActive":true,"nextStep":{"sessionAttributes":null,"dialogAction":{"type":"EndConversation","slotToElicit":null,"suppressNextMessage":null},"intent":{"name":null,"slots":null}},"closingResponse":{"messageGroupsList":[{"message":{"ssmlMessage":null,"customPayload":null,"plainTextMessage":{"value":"Sorry I am having trouble understanding. Can you describe waht you'd like to do in a few words? I can help you find your account balance, transfer funds and make a payment."},"imageResponseCard":null},"variations":[{"ssmlMessage":null,"customPayload":null,"plainTextMessage":{"value":"Hmm could you try rephrasing that? I can help you find your account balance, transfer funds and make a payment. "},"imageResponseCard":null},{"ssmlMessage":null,"customPayload":null,"plainTextMessage":{"value":"Sorry i dont understand. Can you please rephrase what you want to say?"},"imageResponseCard":null}]}],"allowInterrupt":true}},"initialResponseSetting":{"conditional":null,"codeHook":{"isActive":true,"invocationLabel":null,"postCodeHookSpecification":{"failureResponse":null,"failureNextStep":{"sessionAttributes":null,"dialogAction":{"type":"EndConversation","slotToElicit":null,"suppressNextMessage":null},"intent":null},"failureConditional":null,"successResponse":null,"successNextStep":{"sessionAttributes":null,"dialogAction":{"type":"CloseIntent","slotToElicit":null,"suppressNextMessage":null},"intent":{"name":null,"slots":null}},"successConditional":null,"timeoutResponse":null,"timeoutNextStep":{"sessionAttributes":null,"dialogAction":{"type":"EndConversation","slotToElicit":null,"suppressNextMessage":null},"intent":null},"timeoutConditional":null},"enableCodeHookInvocation":true},"nextStep":{"sessionAttributes":null,"dialogAction":{"type":"InvokeDialogCodeHook","slotToElicit":null,"suppressNextMessage":null},"intent":null},"initialResponse":null},"inputContexts":null,"outputContexts":null,"kendraConfiguration":null,"qnAIntentConfiguration":null,"bedrockAgentIntentConfiguration":null,"qInConnectIntentConfiguration":null,"dialogCodeHook":null,"fulfillmentCodeHook":null,"slotPriorities":[]}